URL,Status,Response Code,Protocol,Method,Content-Type,Client Address,Client Port,Remote Address,Remote Port,Exception,Request Start Time,Request End Time,Response Start Time,Response End Time,Duration (ms),DNS Duration (ms),Connect Duration (ms),SSL Duration (ms),Request Duration (ms),Response Duration (ms),Latency (ms),Speed (KB/s),Request Speed (KB/s),Response Speed (KB/s),Request Handshake Size (bytes),Request Header Size (bytes),Request Body Size (bytes),Response Handshake Size (bytes),Response Header Size (bytes),Response Body Size (bytes),Request Compression,Response Compression
https://audiopay.cos.tx.xmcdn.com/download/1.0.0/storages/e67b-audiopay/8A/64/CKwRINsE37XeANPXlgDSQmjj.m4a?sign=0cd4edd55f8ac4d06e666089ddf356f0&buy_key=aed65595bbd6d943057c57973f8b5b93&timestamp=1628582462308000&token=7544&duration=857,COMPLETE,206,https,GET,audio/x-m4a,/192.168.137.78,57902,audiopay.cos.tx.xmcdn.com/211.97.73.26,443,,10 八月 2021 16:01:02,10 八月 2021 16:01:03,10 八月 2021 16:01:03,10 八月 2021 16:01:10,6997,106,39,91,0,6691,70,490.06836,0.0,512.25684,1050,486,,20918,0,3488855,,
https://audiopay.cos.tx.xmcdn.com/download/1.0.0/storages/e364-audiopay/EC/61/CKwRINsE5mQKAH0OzwDUyZxk.m4a?buy_key=fe4f133ccbf4b22dfa2a1e704ccbbda8&duration=506&sign=d4a866d23da0ec8adaae5999ea17c801&timestamp=1628582477&token=3477&uid=342430270&is_charge=true,COMPLETE,206,https,GET,audio/x-m4a,/192.168.137.78,55453,audiopay.cos.tx.xmcdn.com/211.97.73.19,443,,10 八月 2021 16:01:17,10 八月 2021 16:01:17,10 八月 2021 16:01:17,10 八月 2021 16:01:34,16629,2,31,184,0,16371,41,482.61914,0.0,490.13672,1106,368,,20828,0,8195791,,
https://audiopay.cos.tx.xmcdn.com/download/1.0.0/storages/ce40-audiopay/CA/C6/CKwRIUEE4lUUAI-WJQDTTwxZ.m4a?buy_key=fe4f133ccbf4b22dfa2a1e704ccbbda8&duration=581&sign=a315d7ff635649cd222f8059e9194aa0&timestamp=1628582494&token=5780&uid=342430270&is_charge=true,COMPLETE,206,https,GET,audio/x-m4a,/192.168.137.78,55453,audiopay.cos.tx.xmcdn.com/211.97.73.19,443,,10 八月 2021 16:01:34,10 八月 2021 16:01:34,10 八月 2021 16:01:34,10 八月 2021 16:01:51,17255,,,,0,17185,70,532.5928,0.0,534.7412,,368,,,0,9410085,,
https://audiopay.cos.tx.xmcdn.com/download/1.0.0/storages/c038-audiopay/86/8E/CKwRIRwE4Q-gAKPS1ADSz8S1.m4a?buy_key=fe4f133ccbf4b22dfa2a1e704ccbbda8&duration=663&sign=5cdbb5494284ed26bc501f9f76f279b8&timestamp=1628582512&token=9052&uid=342430270&is_charge=true,COMPLETE,206,https,GET,audio/x-m4a,/192.168.137.78,55453,audiopay.cos.tx.xmcdn.com/211.97.73.19,443,,10 八月 2021 16:01:52,10 八月 2021 16:01:52,10 八月 2021 16:01:52,10 八月 2021 16:02:13,21189,,,,0,21137,52,494.83496,0.0,496.03516,,368,,,0,10736340,,
https://audiopay.cos.tx.xmcdn.com/download/1.0.0/storages/e67b-audiopay/8A/64/CKwRINsE37XeANPXlgDSQmjj.m4a?buy_key=fe4f133ccbf4b22dfa2a1e704ccbbda8&duration=857&sign=6d74cbe42ee97a98a726105209afcedf&timestamp=1628582534&token=4748&uid=342430270&is_charge=true,COMPLETE,206,https,GET,audio/x-m4a,/192.168.137.78,55453,audiopay.cos.tx.xmcdn.com/211.97.73.19,443,,10 八月 2021 16:02:14,10 八月 2021 16:02:14,10 八月 2021 16:02:14,10 八月 2021 16:02:44,30618,,,,0,30515,103,442.81934,0.0,444.30176,,368,,,0,13883286,,
https://audiopay.cos.tx.xmcdn.com/download/1.0.0/storages/a3e7-audiopay/FF/2C/CKwRIRwE3mGkAIw0QQDRrt7Y.m4a?buy_key=fe4f133ccbf4b22dfa2a1e704ccbbda8&duration=567&sign=927a86c47cccc214e4ef93caacc02fcb&timestamp=1628582565&token=4470&uid=342430270&is_charge=true,COMPLETE,206,https,GET,audio/x-m4a,/192.168.137.78,55453,audiopay.cos.tx.xmcdn.com/211.97.73.19,443,,10 八月 2021 16:02:45,10 八月 2021 16:02:45,10 八月 2021 16:02:45,10 八月 2021 16:03:03,18703,,,,0,18667,36,479.78516,0.0,480.69043,,368,,,0,9188417,,
https://audiopay.cos.tx.xmcdn.com/download/1.0.0/storages/a3e7-audiopay/FF/2C/CKwRIRwE3mGkAIw0QQDRrt7Y.m4a?buy_key=fe4f133ccbf4b22dfa2a1e704ccbbda8&duration=567&sign=927a86c47cccc214e4ef93caacc02fcb&timestamp=1628582565&token=4470&uid=342430270&is_charge=true,COMPLETE,200,https,GET,audio/x-m4a,/127.0.0.1,54087,audiopay.cos.tx.xmcdn.com/125.77.176.85,443,com.xk72.proxy.ProxyException: Client closed connection before receiving entire response,10 八月 2021 16:03:03,10 八月 2021 16:03:03,10 八月 2021 16:03:04,10 八月 2021 16:03:04,276,64,28,36,0,107,41,715.4375,0.0,1828.8545,1206,610,,20918,0,179466,,
https://audiopay.cos.tx.xmcdn.com/download/1.0.0/storages/a3e7-audiopay/FF/2C/CKwRIRwE3mGkAIw0QQDRrt7Y.m4a?buy_key=fe4f133ccbf4b22dfa2a1e704ccbbda8&duration=567&sign=927a86c47cccc214e4ef93caacc02fcb&timestamp=1628582565&token=4470&uid=342430270&is_charge=true,COMPLETE,206,https,GET,audio/x-m4a,/127.0.0.1,54095,audiopay.cos.tx.xmcdn.com/125.77.176.85,443,,10 八月 2021 16:03:04,10 八月 2021 16:03:04,10 八月 2021 16:03:04,10 八月 2021 16:03:04,231,1,21,157,1,0,51,95.7832,1696.2891,0.0,1206,531,,20918,0,2,,
https://audiopay.cos.tx.xmcdn.com/download/1.0.0/storages/fb08-audiopay/27/24/CKwRINsE3Rc3AJ0q7gDRI1VK.m4a?buy_key=fe4f133ccbf4b22dfa2a1e704ccbbda8&duration=636&sign=587cc67975a03b39886a7764596d6033&timestamp=1628582584&token=7967&uid=342430270&is_charge=true,COMPLETE,206,https,GET,audio/x-m4a,/192.168.137.78,55453,audiopay.cos.tx.xmcdn.com/211.97.73.19,443,,10 八月 2021 16:03:04,10 八月 2021 16:03:04,10 八月 2021 16:03:04,10 八月 2021 16:03:44,40536,,,,0,40498,38,248.15137,0.0,248.37598,,368,,,0,10300142,,
https://audiopay.cos.tx.xmcdn.com/download/1.0.0/storages/a3e7-audiopay/FF/2C/CKwRIRwE3mGkAIw0QQDRrt7Y.m4a?buy_key=fe4f133ccbf4b22dfa2a1e704ccbbda8&duration=567&sign=927a86c47cccc214e4ef93caacc02fcb&timestamp=1628582565&token=4470&uid=342430270&is_charge=true,COMPLETE,206,https,GET,audio/x-m4a,/127.0.0.1,54097,audiopay.cos.tx.xmcdn.com/125.77.176.85,443,com.xk72.proxy.ProxyException: Client closed connection before receiving entire response,10 八月 2021 16:03:04,10 八月 2021 16:03:04,10 八月 2021 16:03:04,10 八月 2021 16:03:05,1173,2,29,257,0,756,129,318.2754,0.0,491.58105,1206,537,,20918,0,359637,,
https://audiopay.cos.tx.xmcdn.com/download/1.0.0/storages/a3e7-audiopay/FF/2C/CKwRIRwE3mGkAIw0QQDRrt7Y.m4a?buy_key=fe4f133ccbf4b22dfa2a1e704ccbbda8&duration=567&sign=927a86c47cccc214e4ef93caacc02fcb&timestamp=1628582565&token=4470&uid=342430270&is_charge=true,COMPLETE,200,https,GET,audio/x-m4a,/127.0.0.1,54099,audiopay.cos.tx.xmcdn.com/125.77.176.85,443,com.xk72.proxy.ProxyException: Client closed connection before receiving entire response,10 八月 2021 16:03:05,10 八月 2021 16:03:05,10 八月 2021 16:03:05,10 八月 2021 16:03:33,27755,2,93,89,0,27445,126,254.41504,0.0,257.2295,1206,435,,20918,0,7208202,,
https://audiopay.cos.tx.xmcdn.com/download/1.0.0/storages/a3e7-audiopay/FF/2C/CKwRIRwE3mGkAIw0QQDRrt7Y.m4a?buy_key=fe4f133ccbf4b22dfa2a1e704ccbbda8&duration=567&sign=927a86c47cccc214e4ef93caacc02fcb&timestamp=1628582565&token=4470&uid=342430270&is_charge=true,COMPLETE,200,https,GET,audio/x-m4a,/127.0.0.1,54111,audiopay.cos.tx.xmcdn.com/36.249.84.93,443,com.xk72.proxy.ProxyException: Client closed connection before receiving entire response,10 八月 2021 16:03:37,10 八月 2021 16:03:37,10 八月 2021 16:03:37,10 八月 2021 16:03:37,403,76,30,57,0,81,159,132.17969,0.0,637.63477,1278,381,,20918,0,31970,,
https://audiopay.cos.tx.xmcdn.com/download/1.0.0/storages/210d-audiopay/DF/37/CKwRIUEE2Rq0AD3u5ADP11EE.m4a?buy_key=fe4f133ccbf4b22dfa2a1e704ccbbda8&duration=250&sign=e1ef86b791ce824556dc9b9c4a213525&timestamp=1628582625&token=9428&uid=342430270&is_charge=true,COMPLETE,206,https,GET,audio/x-m4a,/192.168.137.78,55453,audiopay.cos.tx.xmcdn.com/211.97.73.19,443,,10 八月 2021 16:03:45,10 八月 2021 16:03:45,10 八月 2021 16:03:45,10 八月 2021 16:03:58,12244,,,,0,12203,41,323.75684,0.0,324.81445,,368,,,0,4058852,,
https://audiopay.cos.tx.xmcdn.com/download/1.0.0/storages/6481-audiopay/0E/5C/CKwRIasE182aAKBgyQDPVKUJ.m4a?buy_key=fe4f133ccbf4b22dfa2a1e704ccbbda8&duration=649&sign=4d865792a051aba8a48e388bf7779257&timestamp=1628582639&token=4241&uid=342430270&is_charge=true,COMPLETE,206,https,GET,audio/x-m4a,/192.168.137.78,55453,audiopay.cos.tx.xmcdn.com/211.97.73.19,443,,10 八月 2021 16:03:59,10 八月 2021 16:03:59,10 八月 2021 16:03:59,10 八月 2021 16:04:27,28226,,,,0,28191,35,363.65527,0.0,364.09473,,368,,,0,10510537,,
https://audiopay.cos.tx.xmcdn.com/download/1.0.0/storages/a3e7-audiopay/FF/2C/CKwRIRwE3mGkAIw0QQDRrt7Y.m4a?buy_key=fe4f133ccbf4b22dfa2a1e704ccbbda8&duration=567&sign,COMPLETE,403,https,GET,text/plain,/127.0.0.1,54123,audiopay.cos.tx.xmcdn.com/211.97.73.15,443,,10 八月 2021 16:04:11,10 八月 2021 16:04:12,10 八月 2021 16:04:12,10 八月 2021 16:04:12,627,111,51,225,0,1,239,35.69629,0.0,20427.734,1190,811,,20918,0,0,,
https://audiopay.cos.tx.xmcdn.com/download/1.0.0/storages/c90f-audiopay/49/55/CKwRIRwE1o7YAL3T8ADO2h5-.m4a?buy_key=fe4f133ccbf4b22dfa2a1e704ccbbda8&duration=768&sign=3ecb1a1f23069249018d0935cd4ea4d4&timestamp=1628582667&token=5003&uid=342430270&is_charge=true,COMPLETE,206,https,GET,audio/x-m4a,/192.168.137.78,55453,audiopay.cos.tx.xmcdn.com/211.97.73.19,443,,10 八月 2021 16:04:27,10 八月 2021 16:04:28,10 八月 2021 16:04:28,10 八月 2021 16:05:08,40784,,37,88,126,40452,81,298.41992,11.423828,300.833,1106,368,,20828,0,12440560,,
https://audiopay.cos.tx.xmcdn.com/download/1.0.0/storages/a3e7-audiopay/FF/2C/CKwRIRwE3mGkAIw0QQDRrt7Y.m4a?buy_key=fe4f133ccbf4b22dfa2a1e704ccbbda8&duration=567&sign=927a86c47cccc214e4ef93caacc02fcb&timestamp=1628582565&token=4470&uid=342430270&is_charge=true,COMPLETE,200,https,GET,audio/x-m4a,/127.0.0.1,54139,audiopay.cos.tx.xmcdn.com/211.97.73.19,443,,10 八月 2021 16:04:32,10 八月 2021 16:04:33,10 八月 2021 16:04:33,10 八月 2021 16:04:57,24894,2,120,55,0,24607,110,360.51172,0.0,364.66895,804,381,,372,0,9188417,,
https://audiopay.cos.tx.xmcdn.com/download/1.0.0/storages/569b-audiopay/86/CC/CKwRIRwE1SimAL95JgDONjoI.m4a?buy_key=fe4f133ccbf4b22dfa2a1e704ccbbda8&duration=775&sign=f5aa946ee061da730a7b2e24ddaca574&timestamp=1628582709&token=1870&uid=342430270&is_charge=true,COMPLETE,206,https,GET,audio/x-m4a,/192.168.137.78,55453,audiopay.cos.tx.xmcdn.com/211.97.73.19,443,com.xk72.proxy.ProxyException: Client closed connection before receiving entire response,10 八月 2021 16:05:09,10 八月 2021 16:05:09,10 八月 2021 16:05:09,10 八月 2021 16:05:40,31456,,64,44,109,31186,53,100.2207,9.34375,101.055664,675,368,,327,0,3226835,,
https://audiopay.cos.tx.xmcdn.com/download/1.0.0/storages/00cf-audiopay/B3/00/CKwRIJEE1E4XAJm-wQDN4DJa.m4a?buy_key=fe4f133ccbf4b22dfa2a1e704ccbbda8&duration=622&sign=a49cddfdb3d8ecf0301e542754d33334&timestamp=1628582741&token=9565&uid=342430270&is_charge=true,COMPLETE,206,https,GET,audio/x-m4a,/192.168.137.78,48305,audiopay.cos.tx.xmcdn.com/211.97.73.26,443,,10 八月 2021 16:05:41,10 八月 2021 16:05:41,10 八月 2021 16:05:41,10 八月 2021 16:06:01,20231,47,35,94,1,19973,81,487.45117,1509.7656,493.67188,1178,368,,20918,0,10075841,,
https://audiopay.cos.tx.xmcdn.com/download/1.0.0/storages/7b63-audiopay/75/F5/CKwRIDoE0DhiADYOYQDMehiz.m4a?buy_key=fe4f133ccbf4b22dfa2a1e704ccbbda8&duration=218&sign=4569b1b2bfe9b0c6b3389d12a80301d7&timestamp=1628582762&token=1446&uid=342430270&is_charge=true,COMPLETE,206,https,GET,audio/x-m4a,/192.168.137.78,48305,audiopay.cos.tx.xmcdn.com/211.97.73.26,443,com.xk72.proxy.ProxyException: Client closed connection before receiving entire response,10 八月 2021 16:06:02,10 八月 2021 16:06:02,10 八月 2021 16:06:03,10 八月 2021 16:06:16,13752,,,,0,13638,114,172.16113,0.0,173.57422,,368,,,0,2424022,,
https://audiopay.cos.tx.xmcdn.com/download/1.0.0/storages/7b63-audiopay/75/F5/CKwRIDoE0DhiADYOYQDMehiz.m4a?buy_key=fe4f133ccbf4b22dfa2a1e704ccbbda8&duration=218&sign=3a9ebdd980de174bd935de12e20ba5a9&timestamp=1628582776&token=9353&uid=342430270&is_charge=true,COMPLETE,206,https,GET,audio/x-m4a,/192.168.137.78,33085,audiopay.cos.tx.xmcdn.com/211.97.73.19,443,,10 八月 2021 16:06:17,10 八月 2021 16:06:17,10 八月 2021 16:06:17,10 八月 2021 16:06:19,2402,2,41,110,0,2209,40,530.5283,0.0,576.19434,1178,374,,20918,0,1282443,,
https://audiopay.cos.tx.xmcdn.com/download/1.0.0/storages/2043-audiopay/D5/B7/CKwRIaIEzpKiAJcELgDLzdSL.m4a?buy_key=fe4f133ccbf4b22dfa2a1e704ccbbda8&duration=611&sign=448ddeeeeead0f7d15067fa7d7e27228&timestamp=1628582780&token=3244&uid=342430270&is_charge=true,COMPLETE,206,https,GET,audio/x-m4a,/192.168.137.78,33085,audiopay.cos.tx.xmcdn.com/211.97.73.19,443,,10 八月 2021 16:06:20,10 八月 2021 16:06:20,10 八月 2021 16:06:20,10 八月 2021 16:06:39,19494,,,,0,19407,87,495.81348,0.0,498.01758,,368,,,0,9897006,,
https://audiopay.cos.tx.xmcdn.com/download/1.0.0/storages/fae2-audiopay/B7/EA/CKwRINsEzVOGAIxUigDLTw5_.m4a?buy_key=fe4f133ccbf4b22dfa2a1e704ccbbda8&duration=568&sign=753896159f5429c7fd52dba5b5c4a684&timestamp=1628582800&token=1928&uid=342430270&is_charge=true,COMPLETE,206,https,GET,audio/x-m4a,/192.168.137.78,33085,audiopay.cos.tx.xmcdn.com/211.97.73.19,443,,10 八月 2021 16:06:40,10 八月 2021 16:06:40,10 八月 2021 16:06:40,10 八月 2021 16:06:59,19550,,,,1,19447,102,459.41113,359.375,461.82617,,368,,,0,9196682,,
https://audiopay.cos.tx.xmcdn.com/download/1.0.0/storages/9e4d-audiopay/17/A1/CKwRIasEy_7TAHjCDwDKs1Cr.m4a?buy_key=fe4f133ccbf4b22dfa2a1e704ccbbda8&duration=489&sign=293cb3b3b4ae6e7a7b5ffe834e34ea52&timestamp=1628582820&token=7204&uid=342430270&is_charge=true,COMPLETE,206,https,GET,audio/x-m4a,/192.168.137.78,33085,audiopay.cos.tx.xmcdn.com/211.97.73.19,443,,10 八月 2021 16:07:00,10 八月 2021 16:07:00,10 八月 2021 16:07:00,10 八月 2021 16:07:18,18348,,,,0,18267,81,421.2373,0.0,423.08594,,368,,,0,7913999,,
https://audiopay.cos.tx.xmcdn.com/download/1.0.0/storages/ca3a-audiopay/A1/35/CKwRIDoEyp3SAIdGGgDKCxNa.m4a?buy_key=fe4f133ccbf4b22dfa2a1e704ccbbda8&duration=547&sign=ddbbda1a604fe9a2bb17aa8d6e887cc8&timestamp=1628582839&token=2030&uid=342430270&is_charge=true,COMPLETE,206,https,GET,audio/x-m4a,/192.168.137.78,33085,audiopay.cos.tx.xmcdn.com/211.97.73.19,443,,10 八月 2021 16:07:19,10 八月 2021 16:07:19,10 八月 2021 16:07:19,10 八月 2021 16:07:35,16534,,39,40,80,16215,160,523.70605,13.390625,533.9424,729,368,,372,0,8865306,,
https://audiopay.cos.tx.xmcdn.com/download/1.0.0/storages/95de-audiopay/21/F9/CKwRIW4ExuY4ADr_dgDI0Lni.m4a?buy_key=fe4f133ccbf4b22dfa2a1e704ccbbda8&duration=238&sign=1002aea44bb43b5614ad781ff7bec177&timestamp=1628582856&token=8626&uid=342430270&is_charge=true,COMPLETE,206,https,GET,audio/x-m4a,/192.168.137.78,33085,audiopay.cos.tx.xmcdn.com/211.97.73.19,443,,10 八月 2021 16:07:36,10 八月 2021 16:07:36,10 八月 2021 16:07:36,10 八月 2021 16:07:42,6774,,,,0,6640,134,557.458,0.0,568.6543,,368,,,0,3866486,,
https://audiopay.cos.tx.xmcdn.com/download/1.0.0/storages/9e7c-audiopay/30/A9/CKwRIW4ExZDxAKW6FQDITF_x.m4a?buy_key=fe4f133ccbf4b22dfa2a1e704ccbbda8&duration=671&sign=a4430f2b35da7ce4239eef1f4e60f33b&timestamp=1628582863&token=8407&uid=342430270&is_charge=true,COMPLETE,206,https,GET,audio/x-m4a,/192.168.137.78,33085,audiopay.cos.tx.xmcdn.com/211.97.73.19,443,,10 八月 2021 16:07:43,10 八月 2021 16:07:43,10 八月 2021 16:07:43,10 八月 2021 16:08:07,23846,,,,0,23769,77,444.80664,0.0,446.23242,,368,,,0,10861077,,
https://audiopay.cos.tx.xmcdn.com/download/1.0.0/storages/bd72-audiopay/AD/6D/CKwRIJEExD38AE_KewDHzrjz.m4a?buy_key=fe4f133ccbf4b22dfa2a1e704ccbbda8&duration=323&sign=db92fce2617f8a5309a9a35c5ec870e8&timestamp=1628582887&token=7591&uid=342430270&is_charge=true,COMPLETE,206,https,GET,audio/x-m4a,/192.168.137.78,33085,audiopay.cos.tx.xmcdn.com/211.97.73.19,443,,10 八月 2021 16:08:07,10 八月 2021 16:08:07,10 八月 2021 16:08:07,10 八月 2021 16:08:15,8123,,48,49,97,7854,75,628.8379,11.043945,650.23926,729,368,,372,0,5229179,,
https://audiopay.cos.tx.xmcdn.com/download/1.0.0/storages/20bf-audiopay/2F/07/CKwRIaIEwsIiAJpr8QDHQenA.m4a?buy_key=fe4f133ccbf4b22dfa2a1e704ccbbda8&duration=625&sign=364aa15004a787faadbcc35f52fb1914&timestamp=1628582896&token=3986&uid=342430270&is_charge=true,COMPLETE,206,https,GET,audio/x-m4a,/192.168.137.78,33085,audiopay.cos.tx.xmcdn.com/211.97.73.19,443,,10 八月 2021 16:08:16,10 八月 2021 16:08:16,10 八月 2021 16:08:16,10 八月 2021 16:08:34,17928,,,,0,17829,99,551.2793,0.0,554.3203,,368,,,0,10120177,,
https://audiopay.cos.tx.xmcdn.com/download/1.0.0/storages/569b-audiopay/86/CC/CKwRIRwE1SimAL95JgDONjoI.m4a?buy_key=fe4f133ccbf4b22dfa2a1e704ccbbda8&duration=775&sign=acded3b46bc500de2ab51f5174466de0&timestamp=1628582915&token=9140&uid=342430270&is_charge=true,COMPLETE,206,https,GET,audio/x-m4a,/192.168.137.78,33085,audiopay.cos.tx.xmcdn.com/211.97.73.19,443,,10 八月 2021 16:08:35,10 八月 2021 16:08:35,10 八月 2021 16:08:35,10 八月 2021 16:08:54,19071,,,,0,19027,44,486.57324,0.0,487.6787,,374,,,0,9501779,,
https://audiopay.cos.tx.xmcdn.com/download/1.0.0/storages/9166-audiopay/DF/8E/CKwRIUEEwXmCAELrtgDGsAfX.m4a?buy_key=fe4f133ccbf4b22dfa2a1e704ccbbda8&duration=270&sign=1208dd1a7a3fe087e6601693661acc23&timestamp=1628582934&token=1892&uid=342430270&is_charge=true,COMPLETE,206,https,GET,audio/x-m4a,/192.168.137.78,33085,audiopay.cos.tx.xmcdn.com/211.97.73.19,443,,10 八月 2021 16:08:54,10 八月 2021 16:08:54,10 八月 2021 16:08:54,10 八月 2021 16:09:03,8357,,,,0,8278,79,512.5381,0.0,517.3867,,368,,,0,4385718,,
https://audiopay.cos.tx.xmcdn.com/download/1.0.0/storages/6257-audiopay/87/47/CKwRIaIEvXZzAFxukwDFV3B8.m4a?buy_key=fe4f133ccbf4b22dfa2a1e704ccbbda8&duration=374&sign=f8a9b3907afdcc8a99d7ab611a518c63&timestamp=1628582943&token=2007&uid=342430270&is_charge=true,COMPLETE,206,https,GET,audio/x-m4a,/192.168.137.78,33085,audiopay.cos.tx.xmcdn.com/211.97.73.19,443,,10 八月 2021 16:09:03,10 八月 2021 16:09:03,10 八月 2021 16:09:03,10 八月 2021 16:09:17,13537,,,,0,13402,135,437.0244,0.0,441.3994,,368,,,0,6057619,,
https://audiopay.cos.tx.xmcdn.com/download/1.0.0/storages/0559-audiopay/17/0F/CKwRIMAEvChlAEdrzQDE0eBy.m4a?buy_key=fe4f133ccbf4b22dfa2a1e704ccbbda8&duration=289&sign=769fe4b3517318db763bc83e6e2d2e34&timestamp=1628582957&token=5895&uid=342430270&is_charge=true,COMPLETE,206,https,GET,audio/x-m4a,/192.168.137.78,33085,audiopay.cos.tx.xmcdn.com/211.97.73.19,443,,10 八月 2021 16:09:17,10 八月 2021 16:09:17,10 八月 2021 16:09:17,10 八月 2021 16:09:27,9356,,,,0,9250,106,488.5957,0.0,494.15625,,368,,,0,4680653,,
https://audiopay.cos.tx.xmcdn.com/download/1.0.0/storages/c9e3-audiopay/BE/3D/CKwRIMAEuyLRADr_dgDEaHsf.m4a?buy_key=fe4f133ccbf4b22dfa2a1e704ccbbda8&duration=238&sign=bc8f826acbf91f0d795905e4df2a6f17&timestamp=1628582967&token=1050&uid=342430270&is_charge=true,COMPLETE,206,https,GET,audio/x-m4a,/192.168.137.78,33085,audiopay.cos.tx.xmcdn.com/211.97.73.19,443,,10 八月 2021 16:09:27,10 八月 2021 16:09:27,10 八月 2021 16:09:27,10 八月 2021 16:09:34,6960,,,,0,6878,82,542.56055,0.0,548.97656,,368,,,0,3866486,,
https://audiopay.cos.tx.xmcdn.com/download/1.0.0/storages/0c89-audiopay/40/46/CKwRIaIEuYOlACm1JADDrAdS.m4a?buy_key=fe4f133ccbf4b22dfa2a1e704ccbbda8&duration=168&sign=ef99a4050b4bfd8be5676d96f0f47a5c&timestamp=1628582974&token=6397&uid=342430270&is_charge=true,COMPLETE,206,https,GET,audio/x-m4a,/192.168.137.78,33085,audiopay.cos.tx.xmcdn.com/211.97.73.19,443,,10 八月 2021 16:09:35,10 八月 2021 16:09:35,10 八月 2021 16:09:35,10 八月 2021 16:09:40,5390,,,,0,5348,42,495.29492,0.0,499.11816,,368,,,0,2733348,,
https://audiopay.cos.tx.xmcdn.com/download/1.0.0/storages/86a5-audiopay/98/D0/CKwRIDoEuDD9ANWEIQDDEyWF.m4a?buy_key=fe4f133ccbf4b22dfa2a1e704ccbbda8&duration=864&sign=5969740a8bc688360412544185ce0f2f&timestamp=1628582980&token=4815&uid=342430270&is_charge=true,COMPLETE,206,https,GET,audio/x-m4a,/192.168.137.78,33085,audiopay.cos.tx.xmcdn.com/211.97.73.19,443,,10 八月 2021 16:09:41,10 八月 2021 16:09:41,10 八月 2021 16:09:41,10 八月 2021 16:10:08,27702,,,,0,27570,132,493.2998,0.0,495.64844,,368,,,0,13992993,,
https://audiopay.cos.tx.xmcdn.com/download/1.0.0/storages/af72-audiopay/D8/7F/CKwRIJIEtDOwADW3zQDBwKKZ.m4a?buy_key=fe4f133ccbf4b22dfa2a1e704ccbbda8&duration=217&sign=c03d0ee99caab57d8e352c05121b9a16&timestamp=1628583009&token=2568&uid=342430270&is_charge=true,COMPLETE,206,https,GET,audio/x-m4a,/192.168.137.78,33085,audiopay.cos.tx.xmcdn.com/211.97.73.19,443,,10 八月 2021 16:10:09,10 八月 2021 16:10:09,10 八月 2021 16:10:09,10 八月 2021 16:10:16,6726,,,,0,6631,95,511.1963,0.0,518.4658,,368,,,0,3520461,,
https://audiopay.cos.tx.xmcdn.com/download/1.0.0/storages/ec47-audiopay/9E/1D/CKwRIaIEsucFAE19_wDBQPr2.m4a?buy_key=fe4f133ccbf4b22dfa2a1e704ccbbda8&duration=313&sign=fd33acb0c18dd882dd30a212494300f0&timestamp=1628583016&token=1267&uid=342430270&is_charge=true,COMPLETE,206,https,GET,audio/x-m4a,/192.168.137.78,33085,audiopay.cos.tx.xmcdn.com/211.97.73.19,443,com.xk72.proxy.ProxyException: Client closed connection before receiving entire response,10 八月 2021 16:10:16,10 八月 2021 16:10:16,10 八月 2021 16:10:16,10 八月 2021 16:10:44,28318,,,,0,28233,85,103.94824,0.0,104.24805,,368,,,0,3013886,,
https://audiopay.cos.tx.xmcdn.com/download/1.0.0/storages/506f-audiopay/4B/11/CKwRIUEEsZyrAGw7WgDAxKG-.m4a?buy_key=fe4f133ccbf4b22dfa2a1e704ccbbda8&duration=438&sign=68b227e7cbdd739b0ccceab13a6b0ecf&timestamp=1628583045&token=2442&uid=342430270&is_charge=true,COMPLETE,206,https,GET,audio/x-m4a,/192.168.137.78,56338,audiopay.cos.tx.xmcdn.com/211.97.73.26,443,,10 八月 2021 16:10:45,10 八月 2021 16:10:45,10 八月 2021 16:10:45,10 八月 2021 16:10:59,14361,118,52,92,0,14014,85,483.86426,0.0,495.7373,1178,368,,20918,0,7093082,,
https://audiopay.cos.tx.xmcdn.com/download/1.0.0/storages/4187-audiopay/12/E4/CKwRINsEsEKWAK10bQDAP73h.m4a?buy_key=fe4f133ccbf4b22dfa2a1e704ccbbda8&duration=702&sign=87c1c53e66bf2a705984d37d827347e3&timestamp=1628583060&token=7521&uid=342430270&is_charge=true,COMPLETE,206,https,GET,audio/x-m4a,/192.168.137.78,56338,audiopay.cos.tx.xmcdn.com/211.97.73.26,443,,10 八月 2021 16:11:00,10 八月 2021 16:11:00,10 八月 2021 16:11:00,10 八月 2021 16:11:21,20929,,,,0,20866,63,530.4346,0.0,532.01855,,368,,,0,11367533,,
https://audiopay.cos.tx.xmcdn.com/download/1.0.0/storages/b9a9-audiopay/C0/AF/CKwRIDoEruz-AIwVbwC_uKk4.m4a?buy_key=fe4f133ccbf4b22dfa2a1e704ccbbda8&duration=567&sign=db727e48896cc335015800b9a4c63647&timestamp=1628583081&token=1328&uid=342430270&is_charge=true,COMPLETE,206,https,GET,audio/x-m4a,/192.168.137.78,56338,audiopay.cos.tx.xmcdn.com/211.97.73.26,443,,10 八月 2021 16:11:22,10 八月 2021 16:11:22,10 八月 2021 16:11:22,10 八月 2021 16:11:35,13799,,,,0,13714,85,649.7363,0.0,653.7373,,368,,,0,9180527,,
https://audiopay.cos.tx.xmcdn.com/download/1.0.0/storages/800b-audiopay/C7/7C/CKwRIUEEqwhDACgzJwC-hckZ.m4a?buy_key=fe4f133ccbf4b22dfa2a1e704ccbbda8&duration=162&sign=e02a1ddfb76c3dec7cba87c0ff897af6&timestamp=1628583096&token=8447&uid=342430270&is_charge=true,COMPLETE,206,https,GET,audio/x-m4a,/192.168.137.78,56338,audiopay.cos.tx.xmcdn.com/211.97.73.26,443,,10 八月 2021 16:11:36,10 八月 2021 16:11:36,10 八月 2021 16:11:36,10 八月 2021 16:11:40,4258,,,,0,4148,110,604.3086,0.0,620.2471,,368,,,0,2634535,,
https://audiopay.cos.tx.xmcdn.com/download/1.0.0/storages/381a-audiopay/FD/CF/CKwRIasEqcQFAK6v9QC-E8a2.m4a?buy_key=fe4f133ccbf4b22dfa2a1e704ccbbda8&duration=707&sign=f2069a88495055a7e8324697423e92f4&timestamp=1628583100&token=9350&uid=342430270&is_charge=true,COMPLETE,206,https,GET,audio/x-m4a,/192.168.137.78,56338,audiopay.cos.tx.xmcdn.com/211.97.73.26,443,,10 八月 2021 16:11:41,10 八月 2021 16:11:41,10 八月 2021 16:11:41,10 八月 2021 16:11:58,17381,,,,1,17304,76,643.251,359.375,646.0918,,368,,,0,11448309,,
https://audiopay.cos.tx.xmcdn.com/download/1.0.0/storages/c8ac-audiopay/50/34/CKwRIMAEqF1WAIhOSAC9j7ux.m4a?buy_key=fe4f133ccbf4b22dfa2a1e704ccbbda8&duration=551&sign=69138050d35aa17f3e9094a5b6039862&timestamp=1628583118&token=8675&uid=342430270&is_charge=true,COMPLETE,206,https,GET,audio/x-m4a,/192.168.137.78,56338,audiopay.cos.tx.xmcdn.com/211.97.73.26,443,,10 八月 2021 16:11:59,10 八月 2021 16:11:59,10 八月 2021 16:11:59,10 八月 2021 16:12:13,14090,,,,1,14014,75,619.1572,359.375,622.48926,,368,,,0,8932936,,
https://audiopay.cos.tx.xmcdn.com/download/1.0.0/storages/013a-audiopay/CE/27/CKwRIDoEpwVtAI4y-gC9B4jz.m4a?buy_key=fe4f133ccbf4b22dfa2a1e704ccbbda8&duration=575&sign=3f9917603b0ba88c9686f6e7879cb7b5&timestamp=1628583133&token=4553&uid=342430270&is_charge=true,COMPLETE,206,https,GET,audio/x-m4a,/192.168.137.78,56338,audiopay.cos.tx.xmcdn.com/211.97.73.26,443,,10 八月 2021 16:12:13,10 八月 2021 16:12:13,10 八月 2021 16:12:13,10 八月 2021 16:12:28,14686,,,,0,14598,88,619.7129,0.0,623.4238,,368,,,0,9319162,,
https://audiopay.cos.tx.xmcdn.com/download/1.0.0/storages/6498-audiopay/6B/9D/CKwRIasEpcJHAJOvfQC8hB4E.m4a?buy_key=fe4f133ccbf4b22dfa2a1e704ccbbda8&duration=598&sign=c3b1b721787b033962093001f8cad752&timestamp=1628583148&token=2271&uid=342430270&is_charge=true,COMPLETE,206,https,GET,audio/x-m4a,/192.168.137.78,56338,audiopay.cos.tx.xmcdn.com/211.97.73.26,443,,10 八月 2021 16:12:28,10 八月 2021 16:12:28,10 八月 2021 16:12:29,10 八月 2021 16:12:46,17496,,,,0,17402,94,540.251,0.0,543.14844,,368,,,0,9678717,,
https://audiopay.cos.tx.xmcdn.com/download/1.0.0/storages/0503-audiopay/D6/A3/CKwRIW4EodOrADHTRwC7TPop.m4a?buy_key=fe4f133ccbf4b22dfa2a1e704ccbbda8&duration=201&sign=abc7d1b8c235ade4810598d6e3968514&timestamp=1628583166&token=3878&uid=342430270&is_charge=true,COMPLETE,206,https,GET,audio/x-m4a,/192.168.137.78,56338,audiopay.cos.tx.xmcdn.com/211.97.73.26,443,,10 八月 2021 16:12:47,10 八月 2021 16:12:47,10 八月 2021 16:12:47,10 八月 2021 16:12:53,6405,,,,0,6330,75,497.91992,0.0,503.7627,,368,,,0,3265351,,
https://audiopay.cos.tx.xmcdn.com/download/1.0.0/storages/86d8-audiopay/70/1C/CKwRIMAEoMBtAEEOvgC6593s.m4a?buy_key=fe4f133ccbf4b22dfa2a1e704ccbbda8&duration=263&sign=4e7c0728aaaf96982a2c08bc7b9104ea&timestamp=1628583173&token=4224&uid=342430270&is_charge=true,COMPLETE,206,https,GET,audio/x-m4a,/192.168.137.78,56338,audiopay.cos.tx.xmcdn.com/211.97.73.26,443,,10 八月 2021 16:12:53,10 八月 2021 16:12:53,10 八月 2021 16:12:53,10 八月 2021 16:13:02,8366,,,,0,8258,108,497.7334,0.0,504.2002,,368,,,0,4263614,,
https://audiopay.cos.tx.xmcdn.com/download/1.0.0/storages/d1b7-audiopay/D3/23/CKwRIRwEnyCOADcYBgC6UH7Q.m4a?buy_key=fe4f133ccbf4b22dfa2a1e704ccbbda8&duration=223&sign=2b19c6dccbd482a33d43089d90c23d17&timestamp=1628583182&token=3917&uid=342430270&is_charge=true,COMPLETE,206,https,GET,audio/x-m4a,/192.168.137.78,56338,audiopay.cos.tx.xmcdn.com/211.97.73.26,443,,10 八月 2021 16:13:02,10 八月 2021 16:13:02,10 八月 2021 16:13:02,10 八月 2021 16:13:09,6309,,,,0,6206,103,558.9414,0.0,568.16016,,368,,,0,3610630,,
https://audiopay.cos.tx.xmcdn.com/download/1.0.0/storages/43ff-audiopay/21/17/CKwRIRwEncplADTdHQC5w5MZ.m4a?buy_key=fe4f133ccbf4b22dfa2a1e704ccbbda8&duration=214&sign=a009a09e20dc3773e18f9b5b2dc2743d&timestamp=1628583189&token=9122&uid=342430270&is_charge=true,COMPLETE,206,https,GET,audio/x-m4a,/192.168.137.78,56338,audiopay.cos.tx.xmcdn.com/211.97.73.26,443,,10 八月 2021 16:13:09,10 八月 2021 16:13:09,10 八月 2021 16:13:09,10 八月 2021 16:13:18,8683,,,,0,8600,83,389.68457,0.0,393.4043,,368,,,0,3464477,,
https://audiopay.cos.tx.xmcdn.com/download/1.0.0/storages/39aa-audiopay/34/6E/CKwRIaIEmITfADahJQC4HMMm.m4a?buy_key=fe4f133ccbf4b22dfa2a1e704ccbbda8&duration=221&sign=ca04ecef824d1d313f4ef2a4ee980e4d&timestamp=1628583198&token=2165&uid=342430270&is_charge=true,COMPLETE,206,https,GET,audio/x-m4a,/192.168.137.78,56338,audiopay.cos.tx.xmcdn.com/211.97.73.26,443,,10 八月 2021 16:13:18,10 八月 2021 16:13:18,10 八月 2021 16:13:18,10 八月 2021 16:13:25,6957,,,,0,6871,86,502.60742,0.0,508.84668,,368,,,0,3580197,,
https://audiopay.cos.tx.xmcdn.com/download/1.0.0/storages/03a7-audiopay/2E/24/CKwRIRwEmIO6ADuH9gC4HG2B.m4a?buy_key=fe4f133ccbf4b22dfa2a1e704ccbbda8&duration=241&sign=977015b44b690b62a63ed1c21b7e80d2&timestamp=1628583206&token=4312&uid=342430270&is_charge=true,COMPLETE,206,https,GET,audio/x-m4a,/192.168.137.78,56338,audiopay.cos.tx.xmcdn.com/211.97.73.26,443,,10 八月 2021 16:13:26,10 八月 2021 16:13:26,10 八月 2021 16:13:26,10 八月 2021 16:13:33,7133,,,,1,7000,132,534.18555,359.375,544.2842,,368,,,0,3901430,,
https://audiopay.cos.tx.xmcdn.com/download/1.0.0/storages/c847-audiopay/C6/9E/CKwRIUEElzOsAEKPQAC3paxe.m4a?buy_key=fe4f133ccbf4b22dfa2a1e704ccbbda8&duration=269&sign=9c7b6caf8dfe22863f5e645487bcc0e9&timestamp=1628583213&token=2389&uid=342430270&is_charge=true,COMPLETE,206,https,GET,audio/x-m4a,/192.168.137.78,56338,audiopay.cos.tx.xmcdn.com/211.97.73.26,443,,10 八月 2021 16:13:33,10 八月 2021 16:13:33,10 八月 2021 16:13:34,10 八月 2021 16:13:45,11502,,,,0,11406,96,370.38477,0.0,373.4707,,368,,,0,4362048,,
https://audiopay.cos.tx.xmcdn.com/download/1.0.0/storages/4e97-audiopay/BB/3B/CKwRIJEEld5AAFjpfgC3K5iX.m4a?buy_key=fe4f133ccbf4b22dfa2a1e704ccbbda8&duration=360&sign=31039780c270163e853184f0e39d40cf&timestamp=1628583226&token=8157&uid=342430270&is_charge=true,COMPLETE,206,https,GET,audio/x-m4a,/192.168.137.78,56338,audiopay.cos.tx.xmcdn.com/211.97.73.26,443,,10 八月 2021 16:13:46,10 八月 2021 16:13:46,10 八月 2021 16:13:46,10 八月 2021 16:13:56,9906,,,,0,9815,91,574.47266,0.0,579.7627,,368,,,0,5826942,,
https://audiopay.cos.tx.xmcdn.com/download/1.0.0/storages/d7be-audiopay/4B/B2/CKwRIJEElJejAEMZkwC2qICQ.m4a?buy_key=fe4f133ccbf4b22dfa2a1e704ccbbda8&duration=271&sign=b4281c2edda77c429e317962bfdd7d45&timestamp=1628583237&token=4059&uid=342430270&is_charge=true,COMPLETE,206,https,GET,audio/x-m4a,/192.168.137.78,56338,audiopay.cos.tx.xmcdn.com/211.97.73.26,443,,10 八月 2021 16:13:57,10 八月 2021 16:13:57,10 八月 2021 16:13:57,10 八月 2021 16:14:04,7205,,,,0,7094,111,596.0791,0.0,605.35547,,368,,,0,4397459,,
https://audiopay.cos.tx.xmcdn.com/download/1.0.0/storages/89ce-audiopay/E9/CB/CKwRIasEk1PpADPcSQC2IOsh.m4a?buy_key=fe4f133ccbf4b22dfa2a1e704ccbbda8&duration=209&sign=b0c71586463649568a3c8e0eafba275c&timestamp=1628583245&token=3647&uid=342430270&is_charge=true,COMPLETE,206,https,GET,audio/x-m4a,/192.168.137.78,56338,audiopay.cos.tx.xmcdn.com/211.97.73.26,443,,10 八月 2021 16:14:05,10 八月 2021 16:14:05,10 八月 2021 16:14:05,10 八月 2021 16:14:13,7470,,,,1,7391,78,444.36816,359.375,449.06836,,368,,,0,3398729,,
https://audiopay.cos.tx.xmcdn.com/download/1.0.0/storages/a5eb-audiopay/67/4A/CKwRIJIEj0ngACu8rgC04_oM.m4a?buy_key=fe4f133ccbf4b22dfa2a1e704ccbbda8&duration=177&sign=8ecc7e24717f8ce59cac4f3821f03739&timestamp=1628583253&token=3319&uid=342430270&is_charge=true,COMPLETE,206,https,GET,audio/x-m4a,/192.168.137.78,56338,audiopay.cos.tx.xmcdn.com/211.97.73.26,443,,10 八月 2021 16:14:13,10 八月 2021 16:14:13,10 八月 2021 16:14:13,10 八月 2021 16:14:20,7131,,,,0,7046,85,392.58496,0.0,397.2705,,368,,,0,2866350,,
https://audiopay.cos.tx.xmcdn.com/download/1.0.0/storages/ec47-audiopay/9E/1D/CKwRIaIEsucFAE19_wDBQPr2.m4a?buy_key=fe4f133ccbf4b22dfa2a1e704ccbbda8&duration=313&sign=fd33acb0c18dd882dd30a212494300f0&timestamp=1628583016&token=1267&uid=342430270&is_charge=true,COMPLETE,200,https,GET,audio/x-m4a,/127.0.0.1,54660,audiopay.cos.tx.xmcdn.com/125.77.176.75,443,com.xk72.proxy.ProxyException: Client closed connection before receiving entire response,10 八月 2021 16:14:19,10 八月 2021 16:14:19,10 八月 2021 16:14:20,10 八月 2021 16:14:20,407,60,33,138,0,79,97,170.76367,0.0,857.31055,1206,610,,20918,0,48435,,
https://audiopay.cos.tx.xmcdn.com/download/1.0.0/storages/ec47-audiopay/9E/1D/CKwRIaIEsucFAE19_wDBQPr2.m4a?buy_key=fe4f133ccbf4b22dfa2a1e704ccbbda8&duration=313&sign=fd33acb0c18dd882dd30a212494300f0&timestamp=1628583016&token=1267&uid=342430270&is_charge=true,COMPLETE,206,https,GET,audio/x-m4a,/127.0.0.1,54668,audiopay.cos.tx.xmcdn.com/125.77.176.75,443,,10 八月 2021 16:14:20,10 八月 2021 16:14:20,10 八月 2021 16:14:20,10 八月 2021 16:14:20,589,1,117,444,0,0,27,37.35254,0.0,0.0,1078,531,,20918,0,2,,
https://audiopay.cos.tx.xmcdn.com/download/1.0.0/storages/ec47-audiopay/9E/1D/CKwRIaIEsucFAE19_wDBQPr2.m4a?buy_key=fe4f133ccbf4b22dfa2a1e704ccbbda8&duration=313&sign=fd33acb0c18dd882dd30a212494300f0&timestamp=1628583016&token=1267&uid=342430270&is_charge=true,COMPLETE,206,https,GET,audio/x-m4a,/127.0.0.1,54670,audiopay.cos.tx.xmcdn.com/125.77.176.75,443,com.xk72.proxy.ProxyException: Client closed connection before receiving entire response,10 八月 2021 16:14:20,10 八月 2021 16:14:20,10 八月 2021 16:14:20,10 八月 2021 16:14:23,2733,3,79,66,0,2529,56,359.23438,0.0,387.36035,1190,1015,,20918,0,982230,,
https://audiopay.cos.tx.xmcdn.com/download/1.0.0/storages/ec47-audiopay/9E/1D/CKwRIaIEsucFAE19_wDBQPr2.m4a?buy_key=fe4f133ccbf4b22dfa2a1e704ccbbda8&duration=313&sign=fd33acb0c18dd882dd30a212494300f0&timestamp=1628583016&token=1267&uid=342430270&is_charge=true,COMPLETE,200,https,GET,audio/x-m4a,/127.0.0.1,54671,audiopay.cos.tx.xmcdn.com/125.77.176.75,443,com.xk72.proxy.ProxyException: Client closed connection before receiving entire response,10 八月 2021 16:14:20,10 八月 2021 16:14:20,10 八月 2021 16:14:20,10 八月 2021 16:14:20,275,10,72,66,0,100,27,719.0332,0.0,1956.8848,1190,905,,20918,0,179467,,
https://audiopay.cos.tx.xmcdn.com/download/1.0.0/storages/ec47-audiopay/9E/1D/CKwRIaIEsucFAE19_wDBQPr2.m4a?buy_key=fe4f133ccbf4b22dfa2a1e704ccbbda8&duration=313&sign=fd33acb0c18dd882dd30a212494300f0&timestamp=1628583016&token=1267&uid=342430270&is_charge=true,COMPLETE,206,https,GET,audio/x-m4a,/127.0.0.1,54674,audiopay.cos.tx.xmcdn.com/125.77.176.85,443,com.xk72.proxy.ProxyException: Client closed connection before receiving entire response,10 八月 2021 16:14:20,10 八月 2021 16:14:20,10 八月 2021 16:14:20,10 八月 2021 16:14:21,740,2,43,63,0,589,43,655.8633,0.0,821.11426,1206,537,,20918,0,474326,,
https://audiopay.cos.tx.xmcdn.com/download/1.0.0/storages/ec47-audiopay/9E/1D/CKwRIaIEsucFAE19_wDBQPr2.m4a?buy_key=fe4f133ccbf4b22dfa2a1e704ccbbda8&duration=313&sign=fd33acb0c18dd882dd30a212494300f0&timestamp=1628583016&token=1267&uid=342430270&is_charge=true,COMPLETE,200,https,GET,audio/x-m4a,/127.0.0.1,54676,audiopay.cos.tx.xmcdn.com/27.159.95.103,443,,10 八月 2021 16:14:21,10 八月 2021 16:14:21,10 八月 2021 16:14:21,10 八月 2021 16:14:29,8512,2,33,129,0,8297,51,585.23535,0.0,600.208,1206,435,,20918,0,5078527,,
https://audiopay.cos.tx.xmcdn.com/download/1.0.0/storages/f470-audiopay/48/43/CKwRIJIEjgpJAM1-7gC0bele.m4a?buy_key=fe4f133ccbf4b22dfa2a1e704ccbbda8&duration=832&sign=2dcc78b864b425860673d40f658405b1&timestamp=1628583261&token=8454&uid=342430270&is_charge=true,COMPLETE,206,https,GET,audio/x-m4a,/192.168.137.78,56338,audiopay.cos.tx.xmcdn.com/211.97.73.26,443,com.xk72.proxy.ProxyException: Client closed connection before receiving entire response,10 八月 2021 16:14:22,10 八月 2021 16:14:22,10 八月 2021 16:14:23,10 八月 2021 16:15:25,62857,,,,0,62613,244,190.39258,0.0,191.1289,,368,,,0,12254417,,
https://audiopay.cos.tx.xmcdn.com/download/1.0.0/storages/ec03-audiopay/71/B0/CKwRIJIEjOZlAG6w-ACz_jFm.m4a?buy_key=fe4f133ccbf4b22dfa2a1e704ccbbda8&duration=448&sign=246a1e7c95aee5a0912162ad9635dd82&timestamp=1628583326&token=9017&uid=342430270&is_charge=true,COMPLETE,206,https,GET,audio/x-m4a,/192.168.137.78,43978,audiopay.cos.tx.xmcdn.com/211.97.73.15,443,,10 八月 2021 16:15:26,10 八月 2021 16:15:26,10 八月 2021 16:15:26,10 八月 2021 16:15:40,14725,84,32,72,0,14445,92,482.59277,0.0,491.84277,1178,368,,20918,0,7254264,,
https://audiopay.cos.tx.xmcdn.com/download/1.0.0/storages/57ce-audiopay/D5/AB/CKwRINsEi2CZAEqo_QCzY9lP.m4a?buy_key=fe4f133ccbf4b22dfa2a1e704ccbbda8&duration=302&sign=05268387dd3995c4697b0fef8ad5cb80&timestamp=1628583341&token=2621&uid=342430270&is_charge=true,COMPLETE,206,https,GET,audio/x-m4a,/192.168.137.78,43978,audiopay.cos.tx.xmcdn.com/211.97.73.15,443,,10 八月 2021 16:15:41,10 八月 2021 16:15:41,10 八月 2021 16:15:41,10 八月 2021 16:15:51,9821,,,,0,9697,124,486.56934,0.0,492.75488,,368,,,0,4892925,,
https://audiopay.cos.tx.xmcdn.com/download/1.0.0/storages/7fd0-audiopay/B2/F1/CKwRINsEigNeAEOkoQCyz_Ds.m4a?buy_key=fe4f133ccbf4b22dfa2a1e704ccbbda8&duration=273&sign=c74a72c5e599a2dc5abebe1d55a063c8&timestamp=1628583351&token=7646&uid=342430270&is_charge=true,COMPLETE,206,https,GET,audio/x-m4a,/192.168.137.78,43978,audiopay.cos.tx.xmcdn.com/211.97.73.15,443,,10 八月 2021 16:15:51,10 八月 2021 16:15:51,10 八月 2021 16:15:51,10 八月 2021 16:15:59,8017,,,,0,7934,83,540.041,0.0,545.6455,,368,,,0,4433057,,
https://audiopay.cos.tx.xmcdn.com/download/1.0.0/storages/c9cc-audiopay/0D/9B/CKwRIW4Ehg64AE6HpACxiaEl.m4a?buy_key=fe4f133ccbf4b22dfa2a1e704ccbbda8&duration=317&sign=536f0356110a49d28fe9638031e2b4ab&timestamp=1628583360&token=6157&uid=342430270&is_charge=true,COMPLETE,206,https,GET,audio/x-m4a,/192.168.137.78,43978,audiopay.cos.tx.xmcdn.com/211.97.73.15,443,,10 八月 2021 16:16:00,10 八月 2021 16:16:00,10 八月 2021 16:16:00,10 八月 2021 16:16:09,9015,,34,47,82,8772,80,557.66406,13.064453,572.99023,729,368,,372,0,5146532,,
https://audiopay.cos.tx.xmcdn.com/download/1.0.0/storages/d733-audiopay/A5/C3/CKwRINsEhMbGAFO8PACxBe8l.m4a?buy_key=fe4f133ccbf4b22dfa2a1e704ccbbda8&duration=339&sign=7e39a133c13029089b3d4a893b099a95&timestamp=1628583369&token=1734&uid=342430270&is_charge=true,COMPLETE,206,https,GET,audio/x-m4a,/192.168.137.78,43978,audiopay.cos.tx.xmcdn.com/211.97.73.15,443,,10 八月 2021 16:16:09,10 八月 2021 16:16:09,10 八月 2021 16:16:09,10 八月 2021 16:16:20,10495,,,,0,10440,55,510.6631,0.0,513.31934,,368,,,0,5487676,,
https://audiopay.cos.tx.xmcdn.com/download/1.0.0/storages/958e-audiopay/54/8E/CKwRINsEg7y3ADA8wQCwnjTk.m4a?buy_key=fe4f133ccbf4b22dfa2a1e704ccbbda8&duration=195&sign=f6149ed07c69fd4b14a3ebcd4085127d&timestamp=1628583380&token=7684&uid=342430270&is_charge=true,COMPLETE,206,https,GET,audio/x-m4a,/192.168.137.78,43978,audiopay.cos.tx.xmcdn.com/211.97.73.15,443,,10 八月 2021 16:16:20,10 八月 2021 16:16:20,10 八月 2021 16:16:20,10 八月 2021 16:16:26,5547,,,,0,5433,114,556.61523,0.0,568.2285,,368,,,0,3161281,,
https://audiopay.cos.tx.xmcdn.com/download/1.0.0/storages/34c6-audiopay/64/03/CKwRIJEEgh2lAECgqgCv-GhT.m4a?buy_key=fe4f133ccbf4b22dfa2a1e704ccbbda8&duration=261&sign=b5a22fbbf21e51dbebefac8eaf2a1fdc&timestamp=1628583386&token=2796&uid=342430270&is_charge=true,COMPLETE,206,https,GET,audio/x-m4a,/192.168.137.78,43978,audiopay.cos.tx.xmcdn.com/211.97.73.15,443,com.xk72.proxy.ProxyException: Client closed connection before receiving entire response,10 八月 2021 16:16:26,10 八月 2021 16:16:26,10 八月 2021 16:16:26,10 八月 2021 16:17:12,45207,,,,0,45140,67,44.939453,0.0,44.998047,,368,,,0,2079999,,
https://audiopay.cos.tx.xmcdn.com/download/1.0.0/storages/22ba-audiopay/CC/1C/CKwRIW4EgMdYADH2gACvZdnZ.m4a?buy_key=fe4f133ccbf4b22dfa2a1e704ccbbda8&duration=202&sign=5b7e33c320ee4d64cc469ab57d2d4465&timestamp=1628583433&token=1976&uid=342430270&is_charge=true,COMPLETE,206,https,GET,audio/x-m4a,/192.168.137.78,46002,audiopay.cos.tx.xmcdn.com/211.97.73.19,443,,10 八月 2021 16:17:13,10 八月 2021 16:17:14,10 八月 2021 16:17:14,10 八月 2021 16:17:22,8676,7,316,102,0,8168,83,371.0879,0.0,393.98242,1178,368,,20918,0,3274368,,
https://audiopay.cos.tx.xmcdn.com/download/1.0.0/storages/11a2-audiopay/7F/A3/CKwRIJEEfNizADmzywCuMde-.m4a?buy_key=fe4f133ccbf4b22dfa2a1e704ccbbda8&duration=233&sign=0eaaad7b8168344412c471312cc677ad&timestamp=1628583443&token=2207&uid=342430270&is_charge=true,COMPLETE,206,https,GET,audio/x-m4a,/192.168.137.78,46002,audiopay.cos.tx.xmcdn.com/211.97.73.19,443,,10 八月 2021 16:17:23,10 八月 2021 16:17:23,10 八月 2021 16:17:23,10 八月 2021 16:17:32,9011,,,,0,8939,72,409.8662,0.0,413.12695,,368,,,0,3781579,,
https://audiopay.cos.tx.xmcdn.com/download/1.0.0/storages/98c4-audiopay/47/99/CKwRIUEEe4RvAEENRwCtudQS.m4a?buy_key=fe4f133ccbf4b22dfa2a1e704ccbbda8&duration=263&sign=2e6c57887cd9fa040b465e4b3b46e1d7&timestamp=1628583452&token=7017&uid=342430270&is_charge=true,COMPLETE,206,https,GET,audio/x-m4a,/192.168.137.78,46002,audiopay.cos.tx.xmcdn.com/211.97.73.19,443,,10 八月 2021 16:17:32,10 八月 2021 16:17:32,10 八月 2021 16:17:32,10 八月 2021 16:17:42,9252,,,,0,9166,86,450.0293,0.0,454.2129,,368,,,0,4263239,,
https://audiopay.cos.tx.xmcdn.com/download/1.0.0/storages/9d6f-audiopay/A0/2A/CKwRIW4EejxDADwpZQCtQLKZ.m4a?buy_key=fe4f133ccbf4b22dfa2a1e704ccbbda8&duration=243&sign=ccc6365e78cc1db100e25c2c246da4cd&timestamp=1628583462&token=7263&uid=342430270&is_charge=true,COMPLETE,206,https,GET,audio/x-m4a,/192.168.137.78,46002,audiopay.cos.tx.xmcdn.com/211.97.73.19,443,,10 八月 2021 16:17:42,10 八月 2021 16:17:42,10 八月 2021 16:17:42,10 八月 2021 16:17:50,8253,,,,0,8168,85,466.58203,0.0,471.39355,,368,,,0,3942757,,
https://audiopay.cos.tx.xmcdn.com/download/1.0.0/storages/78dd-audiopay/AE/45/CKwRIUEEeN3KAEhSNQCstgJR.m4a?buy_key=fe4f133ccbf4b22dfa2a1e704ccbbda8&duration=292&sign=b95dfff628dcd836e3bf8d40604fdf8e&timestamp=1628583471&token=9907&uid=342430270&is_charge=true,COMPLETE,206,https,GET,audio/x-m4a,/192.168.137.78,46002,audiopay.cos.tx.xmcdn.com/211.97.73.19,443,,10 八月 2021 16:17:51,10 八月 2021 16:17:51,10 八月 2021 16:17:51,10 八月 2021 16:18:04,13536,,,,0,13415,121,341.96973,0.0,345.02734,,368,,,0,4739637,,
https://audiopay.cos.tx.xmcdn.com/download/1.0.0/storages/ec47-audiopay/9E/1D/CKwRIaIEsucFAE19_wDBQPr2.m4a?buy_key=fe4f133ccbf4b22dfa2a1e704ccbbda8&duration=313&sign=6401348f737c14ed7012769d4f286537&timestamp=1628583485&token=7051&uid=342430270&is_charge=true,COMPLETE,206,https,GET,audio/x-m4a,/192.168.137.78,46002,audiopay.cos.tx.xmcdn.com/211.97.73.19,443,,10 八月 2021 16:18:05,10 八月 2021 16:18:05,10 八月 2021 16:18:05,10 八月 2021 16:18:08,3546,,,,0,3505,41,609.31055,0.0,616.334,,374,,,0,2212097,,
https://audiopay.cos.tx.xmcdn.com/download/1.0.0/storages/bd21-audiopay/8B/83/CKwRIMAEVpjFADtUlgChiqsQ.m4a?buy_key=fe4f133ccbf4b22dfa2a1e704ccbbda8&duration=240&sign=a82f3f98d17dd3d9ce669f7c2791a85e&timestamp=1628583489&token=4364&uid=342430270&is_charge=true,COMPLETE,206,https,GET,audio/x-m4a,/192.168.137.78,46002,audiopay.cos.tx.xmcdn.com/211.97.73.19,443,,10 八月 2021 16:18:09,10 八月 2021 16:18:09,10 八月 2021 16:18:09,10 八月 2021 16:18:17,7711,,,,0,7628,83,492.47852,0.0,497.79004,,368,,,0,3888278,,
https://audiopay.cos.tx.xmcdn.com/download/1.0.0/storages/4081-audiopay/1F/38/CKwRIMAEVYIKACotdQChL0Fx.m4a?buy_key=fe4f133ccbf4b22dfa2a1e704ccbbda8&duration=170&sign=119b17c44f8b281040af9386c6d8307c&timestamp=1628583497&token=9896&uid=342430270&is_charge=true,COMPLETE,206,https,GET,audio/x-m4a,/192.168.137.78,46002,audiopay.cos.tx.xmcdn.com/211.97.73.19,443,,10 八月 2021 16:18:17,10 八月 2021 16:18:17,10 八月 2021 16:18:17,10 八月 2021 16:18:22,4607,,,,1,4530,76,586.0039,359.375,595.88574,,368,,,0,2764149,,
https://audiopay.cos.tx.xmcdn.com/download/1.0.0/storages/737a-audiopay/76/D7/CKwRIMAEU_g6ADvP3gCgqNd5.m4a?buy_key=fe4f133ccbf4b22dfa2a1e704ccbbda8&duration=242&sign=c39d47b0489ff402101e09c10ab6c7d8&timestamp=1628583502&token=8210&uid=342430270&is_charge=true,COMPLETE,206,https,GET,audio/x-m4a,/192.168.137.78,46002,audiopay.cos.tx.xmcdn.com/211.97.73.19,443,,10 八月 2021 16:18:22,10 八月 2021 16:18:22,10 八月 2021 16:18:22,10 八月 2021 16:18:28,6197,,,,0,6104,93,617.7705,0.0,627.124,,368,,,0,3919838,,
https://audiopay.cos.tx.xmcdn.com/download/1.0.0/storages/fc77-audiopay/FF/F0/CKwRIRwEUqtsAOR3rACgLpIQ.m4a?buy_key=fe4f133ccbf4b22dfa2a1e704ccbbda8&duration=925&sign=c2645f5e73d2d3332d96628e511593f8&timestamp=1628583509&token=5474&uid=342430270&is_charge=true,COMPLETE,206,https,GET,audio/x-m4a,/192.168.137.78,46002,audiopay.cos.tx.xmcdn.com/211.97.73.19,443,,10 八月 2021 16:18:29,10 八月 2021 16:18:29,10 八月 2021 16:18:29,10 八月 2021 16:18:59,30579,,,,0,30493,86,478.1797,0.0,479.5166,,368,,,0,14972844,,
https://audiopay.cos.tx.xmcdn.com/download/1.0.0/storages/18bd-audiopay/1A/8B/CKwRIJEETrHHADOxuwCfLwTy.m4a?buy_key=fe4f133ccbf4b22dfa2a1e704ccbbda8&duration=209&sign=5d7e2233939a191d90d9efa79c5eac23&timestamp=1628583540&token=1723&uid=342430270&is_charge=true,COMPLETE,206,https,GET,audio/x-m4a,/192.168.137.78,46002,audiopay.cos.tx.xmcdn.com/211.97.73.19,443,,10 八月 2021 16:19:00,10 八月 2021 16:19:00,10 八月 2021 16:19:00,10 八月 2021 16:19:09,9083,,,,0,8981,102,364.2832,0.0,368.38086,,368,,,0,3387835,,
https://audiopay.cos.tx.xmcdn.com/download/1.0.0/storages/b39f-audiopay/3B/4A/CKwRIaIETWfvAKL2qACeyw1y.m4a?buy_key=fe4f133ccbf4b22dfa2a1e704ccbbda8&duration=659&sign=76939e1acef2e51178b69e66550ab827&timestamp=1628583550&token=1786&uid=342430270&is_charge=true,COMPLETE,206,https,GET,audio/x-m4a,/192.168.137.78,46002,audiopay.cos.tx.xmcdn.com/211.97.73.19,443,,10 八月 2021 16:19:10,10 八月 2021 16:19:10,10 八月 2021 16:19:10,10 八月 2021 16:19:34,23828,,,,0,23719,109,437.7207,0.0,439.7168,,368,,,0,10679976,,
https://audiopay.cos.tx.xmcdn.com/download/1.0.0/storages/f07e-audiopay/BA/B0/CKwRIUEETA66AKNTHgCeYC9R.m4a?buy_key=fe4f133ccbf4b22dfa2a1e704ccbbda8&duration=661&sign=55caa6e2506dff11c2f5f9f36385c5a1&timestamp=1628583574&token=7850&uid=342430270&is_charge=true,COMPLETE,206,https,GET,audio/x-m4a,/192.168.137.78,46002,audiopay.cos.tx.xmcdn.com/211.97.73.19,443,,10 八月 2021 16:19:34,10 八月 2021 16:19:34,10 八月 2021 16:19:34,10 八月 2021 16:19:59,24245,,,,1,24155,89,431.1455,359.375,432.7373,,368,,,0,10703646,,
https://audiopay.cos.tx.xmcdn.com/download/1.0.0/storages/2a1c-audiopay/88/65/CKwRIJEESW2yAETESwCda_CA.m4a?buy_key=fe4f133ccbf4b22dfa2a1e704ccbbda8&duration=278&sign=9937bcd572baedba17f6db76b7322210&timestamp=1628583599&token=6920&uid=342430270&is_charge=true,COMPLETE,206,https,GET,audio/x-m4a,/192.168.137.78,46002,audiopay.cos.tx.xmcdn.com/211.97.73.19,443,,10 八月 2021 16:19:59,10 八月 2021 16:19:59,10 八月 2021 16:19:59,10 八月 2021 16:20:08,9319,,,,0,9236,83,472.30664,0.0,476.5127,,368,,,0,4506699,,
https://audiopay.cos.tx.xmcdn.com/download/1.0.0/storages/ca7a-audiopay/37/DB/CKwRIaIERbg0AEHR7gCcdI16.m4a?buy_key=fe4f133ccbf4b22dfa2a1e704ccbbda8&duration=266&sign=46903d8408ba9629df93bc8a8c8e4bca&timestamp=1628583609&token=1679&uid=342430270&is_charge=true,COMPLETE,206,https,GET,audio/x-m4a,/192.168.137.78,46002,audiopay.cos.tx.xmcdn.com/211.97.73.19,443,,10 八月 2021 16:20:09,10 八月 2021 16:20:09,10 八月 2021 16:20:09,10 八月 2021 16:20:20,11271,,,,0,11188,83,373.77637,0.0,376.51758,,368,,,0,4313582,,
https://audiopay.cos.tx.xmcdn.com/download/1.0.0/storages/3314-audiopay/31/0F/CKwRIMAERG74AIZ4ogCcCJ1k.m4a?buy_key=fe4f133ccbf4b22dfa2a1e704ccbbda8&duration=544&sign=a47dbc48db2fb6448c501b511f01168a&timestamp=1628583621&token=1600&uid=342430270&is_charge=true,COMPLETE,206,https,GET,audio/x-m4a,/192.168.137.78,46002,audiopay.cos.tx.xmcdn.com/211.97.73.19,443,,10 八月 2021 16:20:21,10 八月 2021 16:20:21,10 八月 2021 16:20:21,10 八月 2021 16:20:39,18468,,33,36,70,18220,109,466.08105,15.303711,472.3662,729,368,,372,0,8812706,,
https://audiopay.cos.tx.xmcdn.com/download/1.0.0/storages/8970-audiopay/C0/4C/CKwRIRwEQtTDAJMyvgCbhDBy.m4a?buy_key=fe4f133ccbf4b22dfa2a1e704ccbbda8&duration=596&sign=6cafbc6a1a72f8216e31ad1d82cee935&timestamp=1628583640&token=6073&uid=342430270&is_charge=true,COMPLETE,206,https,GET,audio/x-m4a,/192.168.137.78,46002,audiopay.cos.tx.xmcdn.com/211.97.73.19,443,,10 八月 2021 16:20:40,10 八月 2021 16:20:40,10 八月 2021 16:20:40,10 八月 2021 16:21:01,21146,,,,0,21072,74,445.52344,0.0,447.0703,,368,,,0,9646782,,
https://audiopay.cos.tx.xmcdn.com/download/1.0.0/storages/d4f1-audiopay/2A/14/CKwRIUEEQZNPAFSOGwCbDZ4H.m4a?buy_key=fe4f133ccbf4b22dfa2a1e704ccbbda8&duration=342&sign=f2ca6223aeb11a6b7b91e8ebae619736&timestamp=1628583662&token=6706&uid=342430270&is_charge=true,COMPLETE,206,https,GET,audio/x-m4a,/192.168.137.78,46002,audiopay.cos.tx.xmcdn.com/211.97.73.19,443,,10 八月 2021 16:21:02,10 八月 2021 16:21:02,10 八月 2021 16:21:02,10 八月 2021 16:21:13,10880,,,,0,10804,76,497.41504,0.0,500.88086,,368,,,0,5541403,,
https://audiopay.cos.tx.xmcdn.com/download/1.0.0/storages/94d8-audiopay/02/8F/CKwRIUEEPHZHAD4TlACZuAZF.m4a?buy_key=fe4f133ccbf4b22dfa2a1e704ccbbda8&duration=251&sign=c656bdfc2389d962b70502a562905254&timestamp=1628583673&token=3134&uid=342430270&is_charge=true,COMPLETE,206,https,GET,audio/x-m4a,/192.168.137.78,46002,audiopay.cos.tx.xmcdn.com/211.97.73.19,443,,10 八月 2021 16:21:13,10 八月 2021 16:21:14,10 八月 2021 16:21:14,10 八月 2021 16:21:21,8028,,41,37,79,7773,98,495.05762,13.560547,511.16113,729,368,,372,0,4068244,,
https://audiopay.cos.tx.xmcdn.com/download/1.0.0/storages/05f3-audiopay/CE/8A/CKwRIUEEPHRmADTKCwCZt5sZ.m4a?buy_key=fe4f133ccbf4b22dfa2a1e704ccbbda8&duration=213&sign=9bea3561f7c492bc9ee78ab1d2e134f7&timestamp=1628583682&token=9151&uid=342430270&is_charge=true,COMPLETE,206,https,GET,audio/x-m4a,/192.168.137.78,46002,audiopay.cos.tx.xmcdn.com/211.97.73.19,443,,10 八月 2021 16:21:22,10 八月 2021 16:21:22,10 八月 2021 16:21:22,10 八月 2021 16:21:29,6753,,,,0,6616,137,500.3506,0.0,510.65723,,368,,,0,3459595,,
https://audiopay.cos.tx.xmcdn.com/download/1.0.0/storages/ac06-audiopay/15/EA/CKwRIRwEOu-eAFcvvwCZQHAb.m4a?buy_key=fe4f133ccbf4b22dfa2a1e704ccbbda8&duration=353&sign=ab63d70ee477856088d8d16f0e64b44a&timestamp=1628583689&token=6633&uid=342430270&is_charge=true,COMPLETE,206,https,GET,audio/x-m4a,/192.168.137.78,46002,audiopay.cos.tx.xmcdn.com/211.97.73.19,443,,10 八月 2021 16:21:30,10 八月 2021 16:21:30,10 八月 2021 16:21:30,10 八月 2021 16:21:43,13510,,,,0,13428,82,413.04883,0.0,415.54395,,368,,,0,5713855,,
https://audiopay.cos.tx.xmcdn.com/download/1.0.0/storages/57fd-audiopay/CC/53/CKwRIUEEOhWDAEYEOgCY-IUC.m4a?buy_key=fe4f133ccbf4b22dfa2a1e704ccbbda8&duration=283&sign=571dcd3433aefc4431c07836a0b6e65a&timestamp=1628583704&token=6991&uid=342430270&is_charge=true,COMPLETE,206,https,GET,audio/x-m4a,/192.168.137.78,46002,audiopay.cos.tx.xmcdn.com/211.97.73.19,443,,10 八月 2021 16:21:44,10 八月 2021 16:21:44,10 八月 2021 16:21:44,10 八月 2021 16:21:52,7986,,,,0,7911,75,561.1582,0.0,566.4336,,368,,,0,4588602,,
https://audiopay.cos.tx.xmcdn.com/download/1.0.0/storages/dce4-audiopay/CF/D4/CKwRIRwEOF4fAD6ElwCYXLm8.m4a?buy_key=fe4f133ccbf4b22dfa2a1e704ccbbda8&duration=253&sign=b3d7face1060fc3ed805237b02201620&timestamp=1628583712&token=2790&uid=342430270&is_charge=true,COMPLETE,206,https,GET,audio/x-m4a,/192.168.137.78,46002,audiopay.cos.tx.xmcdn.com/211.97.73.19,443,,10 八月 2021 16:21:52,10 八月 2021 16:21:52,10 八月 2021 16:21:52,10 八月 2021 16:22:01,9135,,,,0,9049,86,438.04102,0.0,442.16406,,368,,,0,4097175,,
https://audiopay.cos.tx.xmcdn.com/download/1.0.0/storages/c8f6-audiopay/95/4C/CKwRIW4ENv7ZADH2gACX3tLU.m4a?buy_key=fe4f133ccbf4b22dfa2a1e704ccbbda8&duration=202&sign=3585a4f85d330e4f815f6bc22c73c90f&timestamp=1628583722&token=3829&uid=342430270&is_charge=true,COMPLETE,206,https,GET,audio/x-m4a,/192.168.137.78,46002,audiopay.cos.tx.xmcdn.com/211.97.73.19,443,,10 八月 2021 16:22:02,10 八月 2021 16:22:02,10 八月 2021 16:22:02,10 八月 2021 16:22:09,7102,,,,0,6925,177,450.29297,0.0,461.75,,368,,,0,3274368,,
https://audiopay.cos.tx.xmcdn.com/download/1.0.0/storages/7a33-audiopay/40/2A/CKwRIUEEMw6YAEKPQACW4xvu.m4a?buy_key=fe4f133ccbf4b22dfa2a1e704ccbbda8&duration=269&sign=f179413c9dec86b861c866f93063b2ea&timestamp=1628583730&token=1247&uid=342430270&is_charge=true,COMPLETE,206,https,GET,audio/x-m4a,/192.168.137.78,46002,audiopay.cos.tx.xmcdn.com/211.97.73.19,443,,10 八月 2021 16:22:10,10 八月 2021 16:22:10,10 八月 2021 16:22:10,10 八月 2021 16:22:20,10039,,,,0,9933,106,424.36133,0.0,428.8545,,368,,,0,4362048,,
https://audiopay.cos.tx.xmcdn.com/download/1.0.0/storages/c955-audiopay/69/68/CKwRIJEEMcl8ACyS9ACWgG0h.m4a?buy_key=fe4f133ccbf4b22dfa2a1e704ccbbda8&duration=180&sign=008d324f72ed0030b801a0a773f9d4d6&timestamp=1628583740&token=9170&uid=342430270&is_charge=true,COMPLETE,206,https,GET,audio/x-m4a,/192.168.137.78,46002,audiopay.cos.tx.xmcdn.com/211.97.73.19,443,,10 八月 2021 16:22:20,10 八月 2021 16:22:20,10 八月 2021 16:22:20,10 八月 2021 16:22:27,6941,,,,1,6813,127,411.0498,359.375,418.71973,,368,,,0,2921204,,
https://audiopay.cos.tx.xmcdn.com/download/1.0.0/storages/a3e7-audiopay/FF/2C/CKwRIRwE3mGkAIw0QQDRrt7Y.m4a?buy_key=fe4f133ccbf4b22dfa2a1e704ccbbda8&duration=567&sign=927a86c47cccc214e4ef93caacc02fcb&timestamp=1628582565&token=4470&uid=342430270&is_charge=true,COMPLETE,200,https,GET,audio/x-m4a,/127.0.0.1,55250,audiopay.cos.tx.xmcdn.com/211.97.73.26,443,com.xk72.proxy.ProxyException: Client closed connection before receiving entire response,10 八月 2021 16:33:06,10 八月 2021 16:33:06,10 八月 2021 16:33:06,10 八月 2021 16:33:06,370,87,54,92,0,91,46,274.3955,0.0,1096.1855,1206,610,,20918,0,81229,,
https://audiopay.cos.tx.xmcdn.com/download/1.0.0/storages/a3e7-audiopay/FF/2C/CKwRIRwE3mGkAIw0QQDRrt7Y.m4a?buy_key=fe4f133ccbf4b22dfa2a1e704ccbbda8&duration=567&sign=927a86c47cccc214e4ef93caacc02fcb&timestamp=1628582565&token=4470&uid=342430270&is_charge=true,COMPLETE,304,https,GET,audio/x-m4a,/127.0.0.1,55258,audiopay.cos.tx.xmcdn.com/211.97.73.26,443,,10 八月 2021 16:33:06,10 八月 2021 16:33:06,10 八月 2021 16:33:06,10 八月 2021 16:33:06,244,2,59,55,0,0,128,7.0273438,0.0,0.0,750,634,,372,0,,,
https://audiopay.cos.tx.xmcdn.com/download/1.0.0/storages/a3e7-audiopay/FF/2C/CKwRIRwE3mGkAIw0QQDRrt7Y.m4a?buy_key=fe4f133ccbf4b22dfa2a1e704ccbbda8&duration=567&sign=927a86c47cccc214e4ef93caacc02fcb&timestamp=1628582565&token=4470&uid=342430270&is_charge=true,COMPLETE,200,https,GET,audio/x-m4a,/127.0.0.1,55260,audiopay.cos.tx.xmcdn.com/211.97.73.26,443,,10 八月 2021 16:33:06,10 八月 2021 16:33:06,10 八月 2021 16:33:06,10 八月 2021 16:33:24,17900,1,61,46,0,17751,41,501.37305,0.0,505.5166,750,435,,372,0,9188417,,
https://audiopay.cos.tx.xmcdn.com/download/1.0.0/storages/a3e7-audiopay/FF/2C/CKwRIRwE3mGkAIw0QQDRrt7Y.m4a?buy_key=fe4f133ccbf4b22dfa2a1e704ccbbda8&duration=567&sign=927a86c47cccc214e4ef93caacc02fcb&timestamp=1628582565&token=4470&uid=342430270&is_charge=true,COMPLETE,206,https,GET,audio/x-m4a,/127.0.0.1,55267,audiopay.cos.tx.xmcdn.com/211.97.73.15,443,com.xk72.proxy.ProxyException: Client closed connection before receiving entire response,10 八月 2021 16:33:12,10 八月 2021 16:33:12,10 八月 2021 16:33:13,10 八月 2021 16:33:26,14247,35,126,146,0,13882,58,326.08887,0.0,334.50684,1190,1015,,20918,0,4734165,,
https://audiopay.cos.tx.xmcdn.com/download/1.0.0/storages/a3e7-audiopay/FF/2C/CKwRIRwE3mGkAIw0QQDRrt7Y.m4a?buy_key=fe4f133ccbf4b22dfa2a1e704ccbbda8&duration=567&sign=927a86c47cccc214e4ef93caacc02fcb&timestamp=1628582565&token=4470&uid=342430270&is_charge=true,COMPLETE,200,https,GET,audio/x-m4a,/127.0.0.1,55268,audiopay.cos.tx.xmcdn.com/211.97.73.15,443,com.xk72.proxy.ProxyException: Client closed connection before receiving entire response,10 八月 2021 16:33:12,10 八月 2021 16:33:12,10 八月 2021 16:33:12,10 八月 2021 16:33:12,370,17,93,119,0,62,79,361.4414,0.0,2123.9912,1190,905,,20918,0,113930,,
